Event label;Date;LatitudeEvent;LatitudeEvent2;LongitudeEvent;LongitudeEvent2;Depth, water [m];Type of experiment [];Anoplogaster cornuta;Anoplogaster cornuta [g];Anoplogaster cornuta [g/m3];Arctozenus risso;Arctozenus risso [g];Arctozenus risso [g/m3];Argyropelecus hemigymnus;Argyropelecus hemigymnus [g];Argyropelecus hemigymnus [g/m3];Argyropelecus olfersii;Argyropelecus olfersii [g];Argyropelecus olfersii [g/m3];Astronesthes niger;Astronesthes niger [g];Astronesthes niger [g/m3];Avocettina infans;Avocettina infans [g];Avocettina infans [g/m3];Barbantus curvifrons;Barbantus curvifrons [g];Barbantus curvifrons [g/m3];Bathylagichthys greyae;Bathylagichthys greyae [g];Bathylagichthys greyae [g/m3];Bathylagus;Bathylagus [g];Bathylagus [g/m3];Bathylagus euryops;Bathylagus euryops [g];Bathylagus euryops [g/m3];Benthosema glaciale;Benthosema glaciale [g];Benthosema glaciale [g/m3];Beryx splendens;Beryx splendens [g];Beryx splendens [g/m3];Bolinichthys indicus;Bolinichthys indicus [g];Bolinichthys indicus [g/m3];Bolinichthys supralateralis;Bolinichthys supralateralis [g];Bolinichthys supralateralis [g/m3];Borostomias antarcticus;Borostomias antarcticus [g];Borostomias antarcticus [g/m3];Ceratoscopelus maderensis;Ceratoscopelus maderensis [g];Ceratoscopelus maderensis [g/m3];Chauliodus sloani;Chauliodus sloani [g];Chauliodus sloani [g/m3];Cyclothone;Cyclothone [g];Cyclothone [g/m3];Derichthys;Derichthys [g];Derichthys [g/m3];Derichthys serpentinus;Derichthys serpentinus [g];Derichthys serpentinus [g/m3];Diaphus;Diaphus [g];Diaphus [g/m3];Diaphus dumerilii;Diaphus dumerilii [g];Diaphus dumerilii [g/m3];Diaphus metopoclampus;Diaphus metopoclampus [g];Diaphus metopoclampus [g/m3];Diaphus mollis;Diaphus mollis [g];Diaphus mollis [g/m3];Dolicholagus longirostris;Dolicholagus longirostris [g];Dolicholagus longirostris [g/m3];Dolichopteryx longipes;Dolichopteryx longipes [g];Dolichopteryx longipes [g/m3];Electrona risso;Electrona risso [g];Electrona risso [g/m3];Entelurus aequoreus;Entelurus aequoreus [g];Entelurus aequoreus [g/m3];Eurypharynx pelecanoides;Eurypharynx pelecanoides [g];Eurypharynx pelecanoides [g/m3];Evermannella balbo;Evermannella balbo [g];Evermannella balbo [g/m3];Gadiculus argenteus;Gadiculus argenteus [g];Gadiculus argenteus [g/m3];Gonostoma elongatum;Gonostoma elongatum [g];Gonostoma elongatum [g/m3];Holtbyrnia anomala;Holtbyrnia anomala [g];Holtbyrnia anomala [g/m3];Holtbyrnia macrops;Holtbyrnia macrops [g];Holtbyrnia macrops [g/m3];Howella atlantica;Howella atlantica [g];Howella atlantica [g/m3];Lampadena atlantica;Lampadena atlantica [g];Lampadena atlantica [g/m3];Lampadena speculigera;Lampadena speculigera [g];Lampadena speculigera [g/m3];Lampadena urophaos;Lampadena urophaos [g];Lampadena urophaos [g/m3];Lampanyctus;Lampanyctus [g];Lampanyctus [g/m3];Lampanyctus crocodilus;Lampanyctus crocodilus [g];Lampanyctus crocodilus [g/m3];Lampanyctus festivus;Lampanyctus festivus [g];Lampanyctus festivus [g/m3];Lampanyctus macdonaldi;Lampanyctus macdonaldi [g];Lampanyctus macdonaldi [g/m3];Leptostomias gladiator;Leptostomias gladiator [g];Leptostomias gladiator [g/m3];Lestidiops affinis;Lestidiops affinis [g];Lestidiops affinis [g/m3];Lestidiops sphyrenoides;Lestidiops sphyrenoides [g];Lestidiops sphyrenoides [g/m3];Lobianchia gemellarii;Lobianchia gemellarii [g];Lobianchia gemellarii [g/m3];Lyconus brachycolus;Lyconus brachycolus [g];Lyconus brachycolus [g/m3];Macroparalepis affinis;Macroparalepis affinis [g];Macroparalepis affinis [g/m3];Magnisudis atlantica;Magnisudis atlantica [g];Magnisudis atlantica [g/m3];Malacosteus niger;Malacosteus niger [g];Malacosteus niger [g/m3];Maulisia argipalla;Maulisia argipalla [g];Maulisia argipalla [g/m3];Maulisia mauli;Maulisia mauli [g];Maulisia mauli [g/m3];Maulisia microlepis;Maulisia microlepis [g];Maulisia microlepis [g/m3];Maurolicus muelleri;Maurolicus muelleri [g];Maurolicus muelleri [g/m3];Melanolagus bericoides;Melanolagus bericoides [g];Melanolagus bericoides [g/m3];Melanonus zugmayeri;Melanonus zugmayeri [g];Melanonus zugmayeri [g/m3];Melanostigma atlanticum;Melanostigma atlanticum [g];Melanostigma atlanticum [g/m3];Melanostomias bartonbeani;Melanostomias bartonbeani [g];Melanostomias bartonbeani [g/m3];Mentodus rostratus;Mentodus rostratus [g];Mentodus rostratus [g/m3];Myctophidae;Myctophidae [g];Myctophidae [g/m3];Myctophum punctatum;Myctophum punctatum [g];Myctophum punctatum [g/m3];Nannobrachium;Nannobrachium [g];Nannobrachium [g/m3];Nannobrachium atrum;Nannobrachium atrum [g];Nannobrachium atrum [g/m3];Nansenia;Nansenia [g];Nansenia [g/m3];Nansenia oblita;Nansenia oblita [g];Nansenia oblita [g/m3];Neonesthes capensis;Neonesthes capensis [g];Neonesthes capensis [g/m3];Nessorhamphus ingolfianus;Nessorhamphus ingolfianus [g];Nessorhamphus ingolfianus [g/m3];Normichthys operosus;Normichthys operosus [g];Normichthys operosus [g/m3];Notoscopelus kroyeri;Notoscopelus kroyeri [g];Notoscopelus kroyeri [g/m3];Oneirodes anisacanthus;Oneirodes anisacanthus [g];Oneirodes anisacanthus [g/m3];Oneirodes carlsbergi;Oneirodes carlsbergi [g];Oneirodes carlsbergi [g/m3];Parabrotulidae;Parabrotulidae [g];Parabrotulidae [g/m3];Paralepis coregonoides;Paralepis coregonoides [g];Paralepis coregonoides [g/m3];Photostomias guernei;Photostomias guernei [g];Photostomias guernei [g/m3];Photostylus pycnopterus;Photostylus pycnopterus [g];Photostylus pycnopterus [g/m3];Platytroctidae;Platytroctidae [g];Platytroctidae [g/m3];Polymetme thaeocoryla;Polymetme thaeocoryla [g];Polymetme thaeocoryla [g/m3];Poromitra megalops;Poromitra megalops [g];Poromitra megalops [g/m3];Pseudoscopelus altipinnis;Pseudoscopelus altipinnis [g];Pseudoscopelus altipinnis [g/m3];Pseudoscopelus astronesthidens;Pseudoscopelus astronesthidens [g];Pseudoscopelus astronesthidens [g/m3];Pseudoscopelus pierbartus;Pseudoscopelus pierbartus [g];Pseudoscopelus pierbartus [g/m3];Rhadinesthes decimus;Rhadinesthes decimus [g];Rhadinesthes decimus [g/m3];Rondeletia loricata;Rondeletia loricata [g];Rondeletia loricata [g/m3];Rouleina attrita;Rouleina attrita [g];Rouleina attrita [g/m3];Sagamichthys schnakenbecki;Sagamichthys schnakenbecki [g];Sagamichthys schnakenbecki [g/m3];Scopelengys tristis;Scopelengys tristis [g];Scopelengys tristis [g/m3];Scopelogadus beanii;Scopelogadus beanii [g];Scopelogadus beanii [g/m3];Searsia koefoedi;Searsia koefoedi [g];Searsia koefoedi [g/m3];Serrivomer beanii;Serrivomer beanii [g];Serrivomer beanii [g/m3];Sigmops bathyphilus;Sigmops bathyphilus [g];Sigmops bathyphilus [g/m3];Sternoptyx diaphana;Sternoptyx diaphana [g];Sternoptyx diaphana [g/m3];Stomias boa boa;Stomias boa boa [g];Stomias boa boa [g/m3];Taaningichthys bathyphilus;Taaningichthys bathyphilus [g];Taaningichthys bathyphilus [g/m3];Xenodermichthys copei;Xenodermichthys copei [g];Xenodermichthys copei [g/m3]
G0344;15/10/2002;44,3114;44,3432;-2,393;-2,4634;500;field experiment;0;0;0;13;53,1;0,00000575;6;4;0,00000043;73;529;0,00005732;0;0;0;0;0;0;0;0;0;0;0;0;0;0;0;0;0;0;17;15;0,00000163;0;0;0;0;0;0;0;0;0;0;0;0;7;15;0,00000163;0;0;0;0;0;0;0;0;0;0;0;0;0;0;0;0;0;0;0;0;0;0;0;0;0;0;0;0;0;0;0;0;0;0;0;0;0;0;0;0;0;0;0;0;0;0;0;0;0;0;0;0;0;0;0;0;0;0;0;0;0;0;0;0;0;0;0;0;0;0;0;0;0;0;0;0;0;0;0;0;0;0;0;0;0;0;0;0;0;0;0;0;0;0;0;0;0;0;0;0;0;0;0;0;0;0;0;0;0;0;0;2;1;0,00000011;0;0;0;0;0;0;0;0;0;1;27;0,00000293;0;0;0;0;0;0;2;7;0,00000076;0;0;0;0;0;0;0;0;0;0;0;0;0;0;0;0;0;0;0;0;0;20;32;0,00000347;0;0;0;0;0;0;0;0;0;1;2;0,00000022;0;0;0;0;0;0;0;0;0;0;0;0;0;0;0;0;0;0;0;0;0;0;0;0;0;0;0;0;0;0;0;0;0;0;0;0;0;0;0;0;0;0;0;0;0;0;0;0;0;0;0;0;0;0;0;0;0;0;0;0;44;346;0,00003749
G0349;16/10/2002;44,5425;44,5754;-2,3261;-2,4045;200;field experiment;0;0;0;5;21;0,00000209;3;2;0,0000002;55;398;0,00003962;0;0;0;0;0;0;0;0;0;0;0;0;0;0;0;0;0;0;4;4;0,0000004;0;0;0;0;0;0;0;0;0;0;0;0;0;0;0;0;0;0;0;0;0;0;0;0;0;0;0;0;0;0;0;0;0;0;0;0;0;0;0;0;0;0;0;0;0;0;0;0;0;0;0;0;0;0;0;0;0;0;0;0;0;0;0;0;0;0;0;0;0;0;0;0;0;0;0;0;0;0;0;0;0;0;0;0;0;0;0;0;0;0;0;0;0;0;0;0;0;0;0;0;0;0;0;0;0;0;0;0;1;1;0,0000001;0;0;0;0;0;0;0;0;0;0;0;0;0;0;0;0;0;0;0;0;0;0;0;0;0;0;0;0;0;0;0;0;0;0;0;0;0;0;0;0;0;0;1;7;0,0000007;0;0;0;0;0;0;0;0;0;0;0;0;0;0;0;11;17;0,00000169;0;0;0;0;0;0;0;0;0;0;0;0;0;0;0;0;0;0;0;0;0;0;0;0;0;0;0;0;0;0;0;0;0;0;0;0;0;0;0;0;0;0;0;0;0;0;0;0;0;0;0;0;0;0;0;0;0;1;36;0,00000358;0;0;0;0;0;0;1;18;0,00000179;0;0;0;27;212;0,0000211
G0354;17/10/2002;44,7182;44,7211;-2,4449;-2,4712;2000;field experiment;0;0;0;5;21;0,00000717;0;0;0;6;44;0,00001502;0;0;0;0;0;0;0;0;0;0;0;0;0;0;0;6;67;0,00002287;105;91;0,00003106;0;0;0;0;0;0;0;0;0;0;0;0;0;0;0;1;51;0,00001741;4;2;0,00000068;0;0;0;0;0;0;0;0;0;0;0;0;1;2,8;0,00000096;0;0;0;0;0;0;0;0;0;0;0;0;0;0;0;1;2;0,00000068;0;0;0;0;0;0;0;0;0;0;0;0;0;0;0;0;0;0;0;0;0;0;0;0;0;0;0;0;0;0;46;323;0,00011023;0;0;0;0;0;0;0;0;0;0;0;0;0;0;0;4;17;0,0000058;0;0;0;0;0;0;0;0;0;0;0;0;0;0;0;0;0;0;0;0;0;2;1;0,00000034;0;0;0;0;0;0;0;0;0;0;0;0;3;;        ;0;0;0;1;3;0,00000102;0;0;0;3;20;0,00000683;0;0;0;0;0;0;0;0;0;0;0;0;9;92;0,0000314;22;36;0,00001229;0;0;0;0;0;0;0;0;0;0;0;0;0;0;0;0;0;0;0;0;0;0;0;0;0;0;0;0;0;0;0;0;0;0;0;0;0;0;0;0;0;0;0;0;0;0;0;0;0;0;0;0;0;0;1;19;0,00000648;1;36;0,00001229;2;1;0,00000034;0;0;0;1;18;0,00000614;0;0;0;26;205;0,00006996
G0365;19/10/2002;44,9651;44,9043;-2,512;-2,5743;20;field experiment;0;0;0;0;0;0;0;0;0;0;0;0;0;0;0;0;0;0;0;0;0;0;0;0;0;0;0;0;0;0;441;381;0,00003274;0;0;0;0;0;0;0;0;0;0;0;0;21;46;0,00000395;0;0;0;0;0;0;0;0;0;0;0;0;0;0;0;0;0;0;0;0;0;0;0;0;0;0;0;0;0;0;0;0;0;0;0;0;0;0;0;0;0;0;0;0;0;0;0;0;0;0;0;0;0;0;0;0;0;0;0;0;0;0;0;0;0;0;0;0;0;0;0;0;0;0;0;0;0;0;0;0;0;0;0;0;0;0;0;0;0;0;0;0;0;1;1;0,00000009;0;0;0;0;0;0;0;0;0;0;0;0;0;0;0;5;2;0,00000017;0;0;0;0;0;0;0;0;0;0;0;0;0;0;0;0;0;0;5;17;0,00000146;0;0;0;0;0;0;0;0;0;0;0;0;0;0;0;0;0;0;0;0;0;7;12;0,00000103;0;0;0;0;0;0;0;0;0;0;0;0;0;0;0;0;0;0;0;0;0;0;0;0;0;0;0;0;0;0;0;0;0;0;0;0;0;0;0;0;0;0;0;0;0;0;0;0;0;0;0;0;0;0;0;0;0;0;0;0;0;0;0;0;0;0;0;0;0;0;0;0;0;0;0
G0370;20/10/2002;45,5283;45,4708;-3,6989;-3,6936;1000;field experiment;1;33;0,0000037;3;13;0,00000146;1;1;0,00000011;5;36;0,00000403;0;0;0;0;0;0;0;0;0;0;0;0;0;0;0;0;0;0;95;82;0,00000918;0;0;0;0;0;0;0;0;0;0;0;0;4;9;0,00000101;0;0;0;7;7;0,00000078;0;0;0;0;0;0;0;0;0;0;0;0;0;0;0;0;0;0;0;0;0;0;0;0;0;0;0;0;0;0;0;0;0;0;0;0;0;0;0;1;61;0,00000683;0;0;0;1;6;0,00000067;0;0;0;0;0;0;0;0;0;0;0;0;0;0;0;14;99;0,00001109;0;0;0;0;0;0;0;0;0;0;0;0;0;0;0;20;86;0,00000963;0;0;0;0;0;0;0;0;0;0;0;0;1;7;0,00000078;3;39;0,00000437;0;0;0;0;0;0;0;0;0;0;0;0;1;1;0,00000011;1;27;0,00000302;1;;        ;0;0;0;2;7;0,00000078;0;0;0;11;74;0,00000829;0;0;0;0;0;0;0;0;0;0;0;0;3;30;0,00000336;15;709;0,00007941;0;0;0;0;0;0;0;0;0;0;0;0;0;0;0;0;0;0;0;0;0;0;0;0;0;0;0;0;0;0;0;0;0;0;0;0;0;0;0;0;0;0;0;0;0;1;6;0,00000067;0;0;0;0;0;0;1;18;0,00000202;7;249;0,00002789;0;0;0;1;1;0,00000011;2;36;0,00000403;1;3;0,00000034;15;118;0,00001322
G0380;23/10/2002;45,9662;45,9354;-4,1031;-4,1811;1000;field experiment;0;0;0;8;33;0,00000341;0;0;0;0;0;0;0;0;0;0;0;0;0;0;0;0;0;0;0;0;0;0;0;0;55;47;0,00000486;0;0;0;0;0;0;0;0;0;0;0;0;0;0;0;0;0;0;15;15;0,00000155;0;0;0;0;0;0;0;0;0;0;0;0;0;0;0;0;0;0;0;0;0;0;0;0;0;0;0;0;0;0;0;0;0;0;0;0;0;0;0;0;0;0;0;0;0;0;0;0;0;0;0;0;0;0;0;0;0;0;0;0;0;0;0;31;218;0,00002256;0;0;0;0;0;0;0;0;0;0;0;0;0;0;0;8;34;0,00000352;0;0;0;3;4;0,00000041;0;0;0;0;0;0;0;0;0;0;0;0;2;127;0,00001314;0;0;0;0;0;0;0;0;0;2;2;0,00000021;0;0;0;0;0;0;0;0;0;2;7;0,00000072;0;0;0;0;0;0;0;0;0;0;0;0;0;0;0;0;0;0;0;0;0;29;47;0,00000486;0;0;0;0;0;0;0;0;0;0;0;0;0;0;0;0;0;0;0;0;0;0;0;0;0;0;0;0;0;0;0;0;0;0;0;0;0;0;0;0;0;0;0;0;0;0;0;0;0;0;0;0;0;0;0;0;0;7;249;0,00002576;0;0;0;0;0;0;10;182;0,00001883;1;3;0,00000031;17;133;0,00001376
G0399;28/10/2002;46,0219;45,9821;-4,3083;-4,3667;1400;field experiment;1;33;0,00000375;5;20;0,00000227;0;0;0;4;29;0,00000329;0;0;0;0;0;0;0;0;0;0;0;0;0;0;0;1;11;0,00000125;79;68;0,00000772;0;0;0;0;0;0;0;0;0;0;0;0;1;2;0,00000023;0;0;0;2;2;0,00000023;0;0;0;0;0;0;0;0;0;0;0;0;0;0;0;0;0;0;0;0;0;0;0;0;0;0;0;0;0;0;0;0;0;0;0;0;0;0;0;0;0;0;0;0;0;1;5;0,00000057;0;0;0;0;0;0;0;0;0;0;0;0;0;0;0;16;112;0,00001272;0;0;0;2;6;0,00000068;0;0;0;0;0;0;0;0;0;11;47;0,00000534;0;0;0;2;3;0,00000034;0;0;0;0;0;0;1;7;0,00000079;0;0;0;0;0;0;1;1;0,00000011;0;0;0;0;0;0;0;0;0;1;27;0,00000307;0;0;0;0;0;0;7;24;0,00000273;0;0;0;6;40;0,00000454;0;0;0;0;0;0;0;0;0;0;0;0;56;569;0,00006462;20;32;0,00000363;0;0;0;0;0;0;0;0;0;0;0;0;0;0;0;1;1;0,00000011;0;0;0;0;0;0;0;0;0;0;0;0;0;0;0;0;0;0;0;0;0;0;0;0;0;0;0;0;0;0;0;0;0;0;0;0;0;0;0;2;71;0,00000806;0;0;0;0;0;0;9;163;0,00001851;0;0;0;14;110;0,00001249
H0400;20/10/2003;45,8097;45,7753;-3,7867;-3,7569;200;field experiment;0;0;0;3;12;0,00000193;0;0;0;6;44;0,00000707;0;0;0;0;0;0;0;0;0;0;0;0;0;0;0;0;0;0;9;8;0,00000128;0;0;0;0;0;0;0;0;0;0;0;0;0;0;0;0;0;0;0;0;0;0;0;0;0;0;0;0;0;0;0;0;0;0;0;0;0;0;0;0;0;0;0;0;0;0;0;0;0;0;0;0;0;0;0;0;0;0;0;0;0;0;0;0;0;0;0;0;0;0;0;0;0;0;0;0;0;0;0;0;0;0;0;0;0;0;0;0;0;0;0;0;0;0;0;0;0;0;0;0;0;0;0;0;0;0;0;0;4;5;0,0000008;0;0;0;0;0;0;0;0;0;0;0;0;0;0;0;204;67;0,00001076;0;0;0;0;0;0;0;0;0;0;0;0;0;0;0;0;0;0;9;31;0,00000498;0;0;0;0;0;0;0;0;0;0;0;0;0;0;0;0;0;0;0;0;0;45;240;0,00003855;0;0;0;0;0;0;0;0;0;0;0;0;0;0;0;0;0;0;0;0;0;0;0;0;0;0;0;0;0;0;0;0;0;0;0;0;0;0;0;0;0;0;0;0;0;0;0;0;0;0;0;0;0;0;0;0;0;0;0;0;0;0;0;0;0;0;1;18;0,00000289;0;0;0;174;1369;0,00021987
H0411;22/10/2003;46,6586;46,6046;-4,9115;-4,945;350;field experiment;0;0;0;0;0;0;0;0;0;0;0;0;0;0;0;0;0;0;0;0;0;0;0;0;0;0;0;0;0;0;0;0;0;0;0;0;0;0;0;0;0;0;0;0;0;0;0;0;0;0;0;0;0;0;0;0;0;0;0;0;0;0;0;0;0;0;0;0;0;0;0;0;0;0;0;0;0;0;0;0;0;0;0;0;0;0;0;0;0;0;3;;        ;0;0;0;0;0;0;0;0;0;0;0;0;0;0;0;0;0;0;0;0;0;0;0;0;0;0;0;0;0;0;0;0;0;0;0;0;0;0;0;0;0;0;0;0;0;0;0;0;0;0;0;0;0;0;0;0;0;0;0;0;0;0;0;0;0;0;3;1;0,00000011;0;0;0;0;0;0;0;0;0;0;0;0;0;0;0;0;0;0;0;0;0;0;0;0;1;7;0,00000077;0;0;0;0;0;0;0;0;0;0;0;0;0;0;0;63;336;0,00003694;0;0;0;0;0;0;0;0;0;0;0;0;0;0;0;0;0;0;0;0;0;0;0;0;0;0;0;0;0;0;0;0;0;0;85;0,00000935;0;0;0;0;0;0;0;0;0;0;0;0;0;0;0;0;0;0;0;0;0;0;0;0;0;0;0;0;0;0;0;0;0;0;0;0;65;511;0,00005618
H0419;24/10/2003;45,371;45,301;-3,6786;-3,6926;500;field experiment;0;0;0;55;227;0,00002072;10;6;0,00000055;11;79;0,00000721;0;0;0;0;0;0;0;0;0;0;0;0;0;0;0;0;0;0;11;10;0,00000091;0;0;0;0;0;0;0;0;0;0;0;0;6;13;0,00000119;0;0;0;0;0;0;0;0;0;0;0;0;0;0;0;0;0;0;0;0;0;0;0;0;0;0;0;0;0;0;0;0;0;0;0;0;0;0;0;0;0;0;0;0;0;0;0;0;0;0;0;0;0;0;0;0;0;0;0;0;0;0;0;0;0;0;0;0;0;2;14;0,00000128;0;0;0;0;0;0;0;0;0;0;0;0;0;0;0;1;4;0,00000037;0;0;0;4;5;0,00000046;0;0;0;0;0;0;0;0;0;0;0;0;0;0;0;0;0;0;0;0;0;0;0;0;0;0;0;0;0;0;0;0;0;0;0;0;14;48;0,00000438;0;0;0;0;0;0;0;0;0;0;0;0;0;0;0;0;0;0;0;0;0;7;37;0,00000338;0;0;0;0;0;0;0;0;0;0;0;0;0;0;0;0;0;0;0;0;0;0;0;0;0;0;0;0;0;0;0;0;0;1;0;0;1;;        ;0;0;0;0;0;0;0;0;0;0;0;0;0;0;0;0;0;0;0;0;0;0;0;0;0;0;0;4;72;0,00000657;0;0;0;32;251;0,00002291
H0425;25/10/2003;43,851;43,917;-2,7818;-2,8091;200;field experiment;0;0;0;5;20;0,00000187;66;42;0,00000394;115;834;0,00007816;0;0;0;0;0;0;0;0;0;0;0;0;0;0;0;0;0;0;4;3;0,00000028;0;0;0;0;0;0;0;0;0;0;0;0;2;4;0,00000037;0;0;0;12;12;0,00000112;0;0;0;0;0;0;0;0;0;0;0;0;0;0;0;0;0;0;0;0;0;0;0;0;0;0;0;0;0;0;0;0;0;0;0;0;0;0;0;0;0;0;0;0;0;0;0;0;0;0;0;0;0;0;0;0;0;0;0;0;0;0;0;0;0;0;1;8;0,00000075;0;0;0;0;0;0;0;0;0;0;0;0;0;0;0;1;;        ;2;3;0,00000028;0;0;0;0;0;0;0;0;0;0;0;0;0;0;0;0;0;0;0;0;0;0;0;0;0;0;0;0;0;0;0;0;0;0;0;0;1;3;0,00000028;0;0;0;1;6;0,00000056;0;0;0;0;0;0;0;0;0;0;0;0;0;0;0;8;42;0,00000394;0;0;0;0;0;0;0;0;0;0;0;0;0;0;0;0;0;0;0;0;0;0;0;0;0;0;0;0;0;0;0;0;0;0;0;0;0;0;0;0;0;0;0;0;0;0;0;0;0;0;0;0;0;0;0;0;0;0;0;0;0;0;0;0;0;0;2;36;0,00000337;0;0;0;9;70;0,00000656
H0431;26/10/2003;43,842;43,9051;-2,7794;-2,804;500;field experiment;0;0;0;41;169;0,00001664;19;12;0,00000118;21;152;0,00001497;0;0;0;0;0;0;0;0;0;0;0;0;0;0;0;0;0;0;5;4;0,00000039;0;0;0;0;0;0;0;0;0;0;0;0;1;2;0,0000002;0;0;0;3;3;0,0000003;0;0;0;0;0;0;0;0;0;0;0;0;0;0;0;0;0;0;1;25;0,00000246;0;0;0;2;;        ;0;0;0;0;0;0;0;0;0;0;0;0;0;0;0;0;0;0;1;5;0,00000049;0;0;0;0;0;0;0;0;0;0;0;0;0;0;0;1;7;0,00000069;0;0;0;0;0;0;0;0;0;0;0;0;0;0;0;0;0;0;0;0;0;0;0;0;0;0;0;0;0;0;0;0;0;0;0;0;0;0;0;0;0;0;0;0;0;0;0;0;0;0;0;0;0;0;0;0;0;0;0;0;0;0;0;0;0;0;1;6;0,00000059;0;0;0;0;0;0;0;0;0;0;0;0;0;0;0;0;0;0;0;0;0;0;0;0;0;0;0;0;0;0;0;0;0;0;0;0;0;0;0;0;0;0;0;0;0;0;0;0;0;0;0;0;0;0;0;0;0;0;0;0;0;0;0;0;0;0;0;0;0;0;0;0;0;0;0;9;321;0,00003161;0;0;0;0;0;0;4;72;0,00000709;0;0;0;45;354;0,00003486
H0467;01/11/2003;46,3221;46,2783;-5,0515;-5,1105;200;field experiment;0;0;0;0;0;0;0;0;0;11;79;0,00000852;0;0;0;0;0;0;0;0;0;0;0;0;0;0;0;0;0;0;40;34;0,00000367;0;0;0;0;0;0;0;0;0;0;0;0;6;13;0,0000014;0;0;0;0;0;0;0;0;0;0;0;0;0;0;0;0;0;0;0;0;0;0;0;0;0;0;0;0;0;0;0;0;0;0;0;0;0;0;0;0;0;0;0;0;0;0;0;0;0;0;0;0;0;0;0;0;0;0;0;0;0;0;0;0;0;0;0;0;0;0;0;0;0;0;0;0;0;0;0;0;0;0;0;0;0;0;0;0;0;0;0;0;0;2;2;0,00000022;0;0;0;0;0;0;0;0;0;0;0;0;0;0;0;0;0;0;0;0;0;0;0;0;0;0;0;0;0;0;0;0;0;0;0;0;9;31;0,00000334;0;0;0;1;6;0,00000065;0;0;0;0;0;0;0;0;0;0;0;0;0;0;0;33;176;0,00001898;0;0;0;0;0;0;0;0;0;0;0;0;0;0;0;0;0;0;0;0;0;0;0;0;0;0;0;0;0;0;0;0;0;0;0;0;0;0;0;0;0;0;0;0;0;0;0;0;0;0;0;0;0;0;0;0;0;0;0;0;0;0;0;0;0;0;0;0;0;0;0;0;6;47;0,00000507
L0731;20/10/2007;45,239;45,1795;-3,6895;-3,672;100;field experiment;0;0;0;0;0;0;0;0;0;0;0;0;0;0;0;0;0;0;0;0;0;0;0;0;0;0;0;0;0;0;0;0;0;0;0;0;0;0;0;0;0;0;0;0;0;1;2,1;0,00000022;0;0;0;0;0;0;0;0;0;0;0;0;0;0;0;0;0;0;0;0;0;0;0;0;0;0;0;0;0;0;0;0;0;0;0;0;0;0;0;0;0;0;0;0;0;0;0;0;0;0;0;0;0;0;0;0;0;0;0;0;0;0;0;0;0;0;0;0;0;0;0;0;0;0;0;0;0;0;0;0;0;0;0;0;0;0;0;0;0;0;0;0;0;0;0;0;0;0;0;0;0;0;0;0;0;0;0;0;0;0;0;0;0;0;0;0;0;0;0;0;0;0;0;0;0;0;0;0;0;0;0;0;0;0;0;0;0;0;0;0;0;0;0;0;0;0;0;0;0;0;0;0;0;0;0;0;0;0;0;0;0;0;0;0;0;0;0;0;0;0;0;0;0;0;0;0;0;0;0;0;0;0;0;0;0;0;0;0;0;0;0;0;0;0;0;0;0;0;0;0;0;0;0;0;0;0;0;0;0;0;0;0;0;0;0;0;0;0;0;0;0;0;0;0;0;0;0;0;0;0;0;0;0;0
L0736;21/10/2007;43,7506;43,7016;-2,1675;-2,0895;50;field experiment;0;0;0;0;0;0;0;0;0;0;0;0;0;0;0;0;0;0;0;0;0;0;0;0;0;0;0;0;0;0;40;18;0,00000156;0;0;0;0;0;0;0;0;0;0;0;0;5;10;0,00000086;0;0;0;0;0;0;0;0;0;0;0;0;0;0;0;1;1;0,00000009;0;0;0;0;0;0;0;0;0;0;0;0;0;0;0;0;0;0;0;0;0;0;0;0;0;0;0;0;0;0;0;0;0;0;0;0;0;0;0;0;0;0;0;0;0;0;0;0;0;0;0;0;0;0;0;0;0;0;0;0;0;0;0;0;0;0;0;0;0;0;0;0;0;0;0;0;0;0;0;0;0;0;0;0;0;0;0;0;0;0;0;0;0;0;0;0;0;0;0;0;0;0;0;0;0;0;0;0;0;0;0;0;0;0;2;4;0,00000035;0;0;0;0;0;0;0;0;0;0;0;0;0;0;0;0;0;0;0;0;0;0;0;0;0;0;0;0;0;0;0;0;0;0;0;0;0;0;0;0;0;0;0;0;0;0;0;0;0;0;0;0;0;0;0;0;0;0;0;0;0;0;0;0;0;0;0;0;0;0;0;0;0;0;0;0;0;0;0;0;0;0;0;0;0;0;0;0;0;0;0;0;0;0;0;0;0;0;0
L0742;22/10/2007;44,3179;44,3788;-2,2116;-2,2388;500;field experiment;0;0;0;0;0;0;0;0;0;0;0;0;0;0;0;0;0;0;0;0;0;0;0;0;0;0;0;0;0;0;0;0;0;0;0;0;0;0;0;0;0;0;0;0;0;5;12;0,00000121;0;0;0;1;1;0,0000001;0;0;0;0;0;0;0;0;0;0;0;0;0;0;0;0;0;0;0;0;0;0;0;0;0;0;0;0;0;0;0;0;0;0;0;0;0;0;0;0;0;0;0;0;0;0;0;0;0;0;0;0;0;0;0;0;0;0;0;0;0;0;0;8;25;0,00000252;0;0;0;0;0;0;0;0;0;0;0;0;0;0;0;0;0;0;0;0;0;0;0;0;0;0;0;0;0;0;0;0;0;0;0;0;0;0;0;0;0;0;0;0;0;0;0;0;0;0;0;0;0;0;0;0;0;6;4;0,0000004;2;5;0,0000005;0;0;0;0;0;0;0;0;0;0;0;0;0;0;0;0;0;0;0;0;0;2;20;0,00000202;0;0;0;0;0;0;0;0;0;0;0;0;0;0;0;0;0;0;0;0;0;0;0;0;0;0;0;0;0;0;0;0;0;0;0;0;0;0;0;0;0;0;0;0;0;0;0;0;0;0;0;0;0;0;0;0;0;0;0;0;0;0;0;0;0;0;3;39;0,00000394;0;0;0;0;0;0
L0747;23/10/2007;44,792;44,805;-2,7226;-2,7607;1600;field experiment;1;33;0,00000725;14;49;0,00001077;0;0;0;22;100;0,00002198;0;0;0;0;0;0;1;7;0,00000154;6;0;0;0;0;0;47;321;0,00007056;233;136;0,0000299;0;0;0;0;0;0;0;0;0;3;4;0,00000088;123;141;0,000031;2;57;0,00001253;27;15;0,0000033;0;0;0;0;0;0;0;0;0;0;0;0;0;0;0;0;0;0;0;0;0;0;0;0;0;0;0;0;0;0;11;16,5;0,00000363;0;0;0;0;0;0;0;0;0;10;8;0,00000176;0;0;0;0;0;0;0;0;0;0;0;0;0;0;0;0;0;0;78;549;0,00012068;0;0;0;22;378;0,00008309;0;0;0;0;0;0;0;0;0;4;45;0,00000989;0;0;0;0;0;0;0;0;0;4;96;0,0000211;1;4;0,00000088;3;166;0,00003649;1;63,5;0,00001396;0;0;0;1;9;0,00000198;0;0;0;1;2;0,00000044;0;0;0;0;0;0;0;0;0;11;46;0,00001011;0;0;0;48;266;0,00005847;0;0;0;0;0;0;0;0;0;0;0;0;110;1118;0,00024577;27;273;0,00006001;0;0;0;0;0;0;0;0;0;1;4;0,00000088;0;0;0;3;16;0,00000352;0;0;0;0;0;0;0;0;0;0;0;0;0;0;0;0;0;0;0;0;0;1;10;0,0000022;0;0;0;0;0;0;0;0;0;2;31;0,00000681;3;29;0,00000637;14;499,6;0,00010982;30;47;0,00001033;0;0;0;14;132;0,00002902;0;0;0;34;141;0,000031
L0752;24/10/2007;44,8483;44,8968;-2,3445;-2,3643;300;field experiment;0;0;0;1;2;0,00000026;0;0;0;24;43;0,0000055;0;0;0;0;0;0;0;0;0;1;;;0;0;0;0;0;0;9;6;0,00000077;0;0;0;0;0;0;0;0;0;0;0;0;605;1258;0,00016081;0;0;0;0;0;0;0;0;0;0;0;0;0;0;0;0;0;0;0;0;0;0;0;0;0;0;0;0;0;0;0;0;0;0;0;0;0;0;0;0;0;0;0;0;0;0;0;0;0;0;0;0;0;0;0;0;0;0;0;0;0;0;0;0;0;0;0;0;0;16;32;0,00000409;0;0;0;0;0;0;0;0;0;0;0;0;0;0;0;30;129,5;0,00001655;0;0;0;0;0;0;0;0;0;0;0;0;0;0;0;0;0;0;0;0;0;0;0;0;0;0;0;0;0;0;0;0;0;0;0;0;0;0;0;0;0;0;34;119;0,00001521;0;0;0;3;20,4;0,00000261;0;0;0;0;0;0;0;0;0;0;0;0;0;0;0;2;4;0,00000051;0;0;0;0;0;0;0;0;0;0;0;0;0;0;0;0;0;0;0;0;0;0;0;0;0;0;0;0;0;0;0;0;0;0;0;0;0;0;0;0;0;0;0;0;0;1;5;0,00000064;0;0;0;0;0;0;0;0;0;0;0;0;0;0;0;0;0;0;4;48;0,00000614;0;0;0;90;279;0,00003566
L0761;26/10/2007;44,942;44,891;-2,304;-2,285;500;field experiment;0;0;0;32;354;0,00004332;1;1;0,00000012;8;69;0,00000844;0;0;0;0;0;0;0;0;0;0;0;0;0;0;0;0;0;0;2;1;0,00000012;0;0;0;0;0;0;0;0;0;0;0;0;8;19;0,00000232;0;0;0;0;0;0;0;0;0;0;0;0;0;0;0;0;0;0;0;0;0;0;0;0;0;0;0;0;0;0;0;0;0;0;0;0;0;0;0;0;0;0;0;0;0;0;0;0;0;0;0;0;0;0;0;0;0;0;0;0;0;0;0;0;0;0;0;0;0;232;1438;0,00017596;0;0;0;0;0;0;0;0;0;0;0;0;0;0;0;0;0;0;0;0;0;0;0;0;0;0;0;0;0;0;0;0;0;0;0;0;0;0;0;70;39;0,00000477;0;0;0;0;0;0;0;0;0;0;0;0;0;0;0;0;0;0;4;18;0,0000022;0;0;0;0;0;0;0;0;0;0;0;0;0;0;0;0;0;0;0;0;0;50;577;0,0000706;0;0;0;0;0;0;0;0;0;0;0;0;0;0;0;0;0;0;0;0;0;0;0;0;0;0;0;0;0;0;0;0;0;0;0;0;0;0;0;0;0;0;0;0;0;0;0;0;0;0;0;0;0;0;0;0;0;0;0;0;0;0;0;0;0;0;25;222;0,00002716;0;0;0;104;1036;0,00012677
L0766;27/10/2007;44,9993;45,0668;-2,7118;-2,7268;100;field experiment;0;0;0;0;0;0;0;0;0;0;0;0;0;0;0;0;0;0;0;0;0;0;0;0;0;0;0;0;0;0;40;34,6;0,00000327;0;0;0;0;0;0;0;0;0;0;0;0;166;269;0,00002541;0;0;0;0;0;0;0;0;0;0;0;0;0;0;0;0;0;0;0;0;0;0;0;0;0;0;0;0;0;0;0;0;0;0;0;0;0;0;0;0;0;0;0;0;0;0;0;0;0;0;0;0;0;0;0;0;0;0;0;0;0;0;0;0;0;0;0;0;0;0;0;0;0;0;0;0;0;0;0;0;0;1;3;0,00000028;0;0;0;0;0;0;0;0;0;0;0;0;0;0;0;0;0;0;0;0;0;0;0;0;0;0;0;0;0;0;0;0;0;0;0;0;0;0;0;0;0;0;0;0;0;0;0;0;1;2;0,00000019;0;0;0;0;0;0;0;0;0;0;0;0;0;0;0;0;0;0;0;0;0;3;6;0,00000057;0;0;0;0;0;0;0;0;0;0;0;0;0;0;0;0;0;0;0;0;0;0;0;0;0;0;0;0;0;0;0;0;0;0;0;0;0;0;0;0;0;0;0;0;0;0;0;0;0;0;0;0;0;0;0;0;0;0;0;0;0;0;0;0;0;0;4;15;0,00000142;0;0;0;0;0;0
M0855;22/10/2008;44,3308;44,3256;-2,2544;-2,3441;500;field experiment;0;0;0;46;190,2;0,00001907;3;1;0,0000001;28;203;0,00002035;0;0;0;0;0;0;0;0;0;0;0;0;0;0;0;0;0;0;4;1;0,0000001;0;0;0;0;0;0;0;0;0;0;0;0;5;10,9;0,00000109;0;0;0;0;0;0;0;0;0;1;15;0,0000015;0;0;0;0;0;0;0;0;0;0;0;0;0;0;0;0;0;0;0;0;0;0;0;0;0;0;0;0;0;0;0;0;0;0;0;0;0;0;0;0;0;0;0;0;0;0;0;0;0;0;0;0;0;0;0;0;0;24;120;0,00001203;0;0;0;0;0;0;0;0;0;0;0;0;0;0;0;0;0;0;0;0;0;1;1;0,0000001;0;0;0;0;0;0;0;0;0;0;0;0;0;0;0;0;0;0;0;0;0;0;0;0;0;0;0;0;0;0;0;0;0;0;0;0;15;52;0,00000521;0;0;0;0;0;0;0;0;0;0;0;0;0;0;0;0;0;0;0;0;0;14;41;0,00000411;0;0;0;0;0;0;0;0;0;0;0;0;0;0;0;0;0;0;0;0;0;0;0;0;0;0;0;0;0;0;0;0;0;0;0;0;0;0;0;0;0;0;0;0;0;0;0;0;0;0;0;0;0;0;0;0;0;1;11;0,0000011;0;0;0;0;0;0;12;167;0,00001674;0;0;0;80;755;0,00007569
M0862;23/10/2008;43,7731;43,7345;-2,2049;-2,2766;200;field experiment;0;0;0;11;28;0,0000028;2;1;0,0000001;7;39;0,0000039;0;0;0;0;0;0;0;0;0;0;0;0;0;0;0;0;0;0;25;17;0,0000017;0;0;0;0;0;0;0;0;0;0;0;0;3;7;0,0000007;0;0;0;0;0;0;0;0;0;0;0;0;0;0;0;0;0;0;0;0;0;0;0;0;0;0;0;0;0;0;0;0;0;0;0;0;0;0;0;0;0;0;0;0;0;0;0;0;0;0;0;0;0;0;0;0;0;0;0;0;0;0;0;0;0;0;0;0;0;0;0;0;0;0;0;0;0;0;0;0;0;3;10;0,000001;0;0;0;0;0;0;0;0;0;0;0;0;0;0;0;0;0;0;0;0;0;0;0;0;0;0;0;0;0;0;0;0;0;0;0;0;0;0;0;0;0;0;0;0;0;1;2;0,0000002;2;8;0,0000008;0;0;0;0;0;0;0;0;0;0;0;0;0;0;0;0;0;0;0;0;0;13;24;0,0000024;0;0;0;0;0;0;0;0;0;0;0;0;0;0;0;0;0;0;0;0;0;0;0;0;0;0;0;0;0;0;0;0;0;0;0;0;0;0;0;0;0;0;0;0;0;0;0;0;0;0;0;0;0;0;0;0;0;0;0;0;0;0;0;0;0;0;18;70;0,00000699;0;0;0;80;316;0,00003157
M0876;25/10/2008;44,8091;44,777;-2,7974;-2,681;20;field experiment;0;0;0;0;0;0;0;0;0;0;0;0;0;0;0;0;0;0;0;0;0;0;0;0;0;0;0;0;0;0;1;1;0,00000007;0;0;0;0;0;0;0;0;0;0;0;0;34;100;0,00000728;0;0;0;0;0;0;0;0;0;0;0;0;0;0;0;0;0;0;0;0;0;0;0;0;0;0;0;0;0;0;0;0;0;3;4;0,00000029;0;0;0;0;0;0;0;0;0;0;0;0;0;0;0;0;0;0;0;0;0;0;0;0;0;0;0;0;0;0;0;0;0;0;0;0;0;0;0;0;0;0;0;0;0;0;0;0;0;0;0;0;0;0;0;0;0;0;0;0;0;0;0;0;0;0;0;0;0;0;0;0;0;0;0;0;0;0;0;0;0;0;0;0;0;0;0;0;0;0;0;0;0;7;1;0,00000007;197;641;0,00004668;0;0;0;0;0;0;0;0;0;0;0;0;0;0;0;0;0;0;0;0;0;12;23;0,00000167;0;0;0;0;0;0;0;0;0;0;0;0;0;0;0;0;0;0;0;0;0;0;0;0;0;0;0;0;0;0;0;0;0;0;0;0;0;0;0;0;0;0;0;0;0;0;0;0;0;0;0;0;0;0;0;0;0;0;0;0;0;0;0;0;0;0;2;7;0,00000051;0;0;0;0;0;0
M0881;26/10/2008;45,0184;44,9596;-2,6865;-2,6625;500;field experiment;0;0;0;49;311;0,0000328;0;0;0;40;332;0,00003501;0;0;0;0;0;0;0;0;0;0;0;0;0;0;0;0;0;0;3;1;0,00000011;0;0;0;0;0;0;0;0;0;0;0;0;52;202;0,0000213;0;0;0;0;0;0;0;0;0;0;0;0;0;0;0;0;0;0;0;0;0;0;0;0;0;0;0;0;0;0;0;0;0;1;1;0,00000011;0;0;0;0;0;0;0;0;0;0;0;0;0;0;0;1;27;0,00000285;0;0;0;0;0;0;0;0;0;0;0;0;0;0;0;113;795,1;0,00008385;0;0;0;0;0;0;0;0;0;0;0;0;0;0;0;0;0;0;0;0;0;0;0;0;0;0;0;0;0;0;0;0;0;0;0;0;0;0;0;0;0;0;0;0;0;0;0;0;0;0;0;0;0;0;0;0;0;0;0;0;24;123;0,00001297;0;0;0;0;0;0;0;0;0;0;0;0;0;0;0;0;0;0;0;0;0;56;721;0,00007604;0;0;0;0;0;0;0;0;0;0;0;0;0;0;0;0;0;0;0;0;0;0;0;0;0;0;0;0;0;0;0;0;0;0;0;0;0;0;0;0;0;0;0;0;0;0;0;0;0;0;0;0;0;0;0;0;0;0;0;0;0;0;0;0;0;0;16;326;0,00003438;0;0;0;100;944;0,00009955
M0887;27/10/2008;45,546;45,5985;-3,8802;-3,8554;1500;field experiment;0;0;0;1;1;0,00000012;1;1;0,00000012;1;17;0,00000198;0;0;0;0;0;0;0;0;0;0;0;0;0;0;0;0;0;0;16;11;0,00000128;0;0;0;0;0;0;0;0;0;0;0;0;3;12;0,0000014;0;0;0;2;2;0,00000023;0;0;0;0;0;0;0;0;0;0;0;0;0;0;0;0;0;0;0;0;0;0;0;0;0;0;0;0;0;0;0;0;0;0;0;0;0;0;0;0;0;0;0;0;0;0;0;0;0;0;0;0;0;0;0;0;0;0;0;0;0;0;0;3;23;0,00000268;0;0;0;0;0;0;0;0;0;0;0;0;0;0;0;0;0;0;0;0;0;0;0;0;0;0;0;0;0;0;0;0;0;0;0;0;0;0;0;0;0;0;0;0;0;0;0;0;0;0;0;0;0;0;0;0;0;0;0;0;5;19;0,00000222;0;0;0;0;0;0;0;0;0;0;0;0;0;0;0;0;0;0;1;12;0,0000014;4;14;0,00000163;0;0;0;0;0;0;0;0;0;0;0;0;0;0;0;0;0;0;0;0;0;0;0;0;0;0;0;0;0;0;0;0;0;0;0;0;0;0;0;0;0;0;0;0;0;1;4;0,00000047;0;0;0;0;0;0;0;0;0;0;0;0;0;0;0;0;0;0;6;64;0,00000747;0;0;0;4;24;0,0000028
M0892;28/10/2008;45,2996;45,263;-3,2935;-3,3724;500;field experiment;0;0;0;36;221;0,00002145;1;1;0,0000001;2;5;0,00000049;0;0;0;0;0;0;0;0;0;0;0;0;0;0;0;0;0;0;1;1;0,0000001;0;0;0;0;0;0;0;0;0;0;0;0;9;6;0,00000058;0;0;0;0;0;0;0;0;0;0;0;0;0;0;0;0;0;0;0;0;0;1;2;0,00000019;0;0;0;0;0;0;0;0;0;1;1;0,0000001;0;0;0;0;0;0;0;0;0;0;0;0;0;0;0;0;0;0;0;0;0;0;0;0;0;0;0;0;0;0;0;0;0;2;16;0,00000155;0;0;0;0;0;0;0;0;0;0;0;0;0;0;0;0;0;0;0;0;0;1;1;0,0000001;0;0;0;0;0;0;0;0;0;0;0;0;0;0;0;0;0;0;0;0;0;0;0;0;0;0;0;0;0;0;0;0;0;0;0;0;49;186;0,00001805;0;0;0;0;0;0;0;0;0;0;0;0;0;0;0;0;0;0;0;0;0;15;94;0,00000912;0;0;0;0;0;0;0;0;0;0;0;0;0;0;0;0;0;0;0;0;0;1;1;0,0000001;0;0;0;0;0;0;0;0;0;0;0;0;0;0;0;0;0;0;0;0;0;0;0;0;0;0;0;0;0;0;0;0;0;0;0;0;0;0;0;0;0;0;9;187;0,00001815;0;0;0;62;133;0,00001291
O0959;21/10/2010;45,1609;45,1557;-3,3646;-3,4558;300;field experiment;0;0;0;16;15;0,0000015;5;2;0,0000002;1;2;0,0000002;0;0;0;0;0;0;0;0;0;0;0;0;0;0;0;0;0;0;50;10;0,000001;0;0;0;2;2;0,0000002;0;0;0;0;0;0;98;218;0,00002181;0;0;0;0;0;0;0;0;0;0;0;0;0;0;0;0;0;0;0;0;0;0;0;0;0;0;0;0;0;0;0;0;0;0;0;0;0;0;0;0;0;0;0;0;0;0;0;0;0;0;0;0;0;0;0;0;0;0;0;0;0;0;0;0;0;0;0;0;0;0;0;0;0;0;0;0;0;0;0;0;0;0;0;0;0;0;0;0;0;0;0;0;0;0;0;0;0;0;0;0;0;0;0;0;0;0;0;0;0;0;0;15;2;0,0000002;0;0;0;0;0;0;0;0;0;0;0;0;0;0;0;0;0;0;2;12;0,0000012;0;0;0;1;2;0,0000002;0;0;0;0;0;0;0;0;0;0;0;0;0;0;0;27;11;0,0000011;0;0;0;0;0;0;0;0;0;0;0;0;0;0;0;0;0;0;0;0;0;0;0;0;0;0;0;0;0;0;0;0;0;0;0;0;0;0;0;0;0;0;0;0;0;0;0;0;0;0;0;0;0;0;0;0;0;0;0;0;0;0;0;0;0;0;1;12;0,0000012;0;0;0;13;47;0,0000047
O0964;22/10/2010;45,0694;45,0104;-3,1565;-3,1755;800;field experiment;0;0;0;37;188;0,00002005;4;3;0,00000032;15;148;0,00001578;0;0;0;0;0;0;0;0;0;0;0;0;0;0;0;0;0;0;101;100;0,00001066;0;0;0;0;0;0;0;0;0;0;0;0;116;309;0,00003295;0;0;0;70;45;0,0000048;0;0;0;0;0;0;0;0;0;0;0;0;1;1;0,00000011;0;0;0;0;0;0;0;0;0;0;0;0;0;0;0;0;0;0;0;0;0;0;0;0;1;1;0,00000011;0;0;0;0;0;0;0;0;0;0;0;0;0;0;0;0;0;0;0;0;0;129;758;0,00008084;0;0;0;0;0;0;0;0;0;0;0;0;0;0;0;2;18;0,00000192;0;0;0;1;2;0,00000021;0;0;0;0;0;0;0;0;0;0;0;0;0;0;0;25;6;0,00000064;0;0;0;0;0;0;6;1;0,00000011;0;0;0;0;0;0;50;25;0,00000267;21;64;0,00000683;0;0;0;0;0;0;0;0;0;0;0;0;0;0;0;0;0;0;0;0;0;12;90;0,0000096;0;0;0;0;0;0;0;0;0;0;0;0;0;0;0;0;0;0;8;2;0,00000021;0;0;0;0;0;0;0;0;0;0;0;0;0;0;0;0;0;0;0;0;0;0;0;0;0;0;0;0;0;0;0;0;0;3;50;0,00000533;3;118;0,00001258;0;0;0;0;0;0;19;278;0,00002965;0;0;0;16;184;0,00001962
O0969;23/10/2010;43,6949;43,7174;-2,459;-2,5438;150;field experiment;0;0;0;1;1;0,0000001;2;2;0,0000002;1;4;0,0000004;0;0;0;0;0;0;0;0;0;0;0;0;0;0;0;0;0;0;0;0;0;0;0;0;0;0;0;0;0;0;0;0;0;12;22;0,00000217;0;0;0;0;0;0;0;0;0;0;0;0;0;0;0;0;0;0;0;0;0;0;0;0;0;0;0;0;0;0;0;0;0;0;0;0;0;0;0;0;0;0;0;0;0;0;0;0;0;0;0;0;0;0;0;0;0;0;0;0;0;0;0;0;0;0;0;0;0;0;0;0;0;0;0;0;0;0;0;0;0;0;0;0;0;0;0;0;0;0;0;0;0;0;0;0;0;0;0;0;0;0;0;0;0;0;0;0;0;0;0;14;6;0,00000059;0;0;0;0;0;0;0;0;0;0;0;0;0;0;0;0;0;0;11;2;0,0000002;0;0;0;0;0;0;0;0;0;0;0;0;0;0;0;0;0;0;0;0;0;16;4;0,0000004;0;0;0;0;0;0;0;0;0;0;0;0;0;0;0;0;0;0;0;0;0;0;0;0;0;0;0;0;0;0;0;0;0;0;0;0;0;0;0;0;0;0;0;0;0;0;0;0;0;0;0;0;0;0;0;0;0;0;0;0;0;0;0;0;0;0;3;60;0,00000593;0;0;0;0;0;0
O0978;25/10/2010;44,804;44,8296;-2,6999;-2,7579;1600;field experiment;0;0;0;20;32;0,00000426;8;5;0,00000067;12;94;0,00001252;0;0;0;0;0;0;0;0;0;0;0;0;0;0;0;35;804;0,00010708;612;612;0,00008151;0;0;0;0;0;0;0;0;0;11;72;0,00000959;32;82;0,00001092;0;0;0;160;66;0,00000879;0;0;0;1;18;0,0000024;0;0;0;0;0;0;0;0;0;0;0;0;0;0;0;0;0;0;0;0;0;0;0;0;0;0;0;0;0;0;0;0;0;0;0;0;1;183;0,00002437;0;0;0;0;0;0;0;0;0;1;1;0,00000013;0;0;0;0;0;0;45;479;0,00006379;0;0;0;9;138;0,00001838;0;0;0;0;0;0;0;0;0;1;8;0,00000107;0;0;0;0;0;0;0;0;0;2;61;0,00000812;0;0;0;1;25;0,00000333;1;127;0,00001691;6;4;0,00000053;0;0;0;0;0;0;1;1;0,00000013;0;0;0;0;0;0;0;0;0;25;79;0,00001052;0;0;0;10;71;0,00000946;1;1;0,00000013;0;0;0;0;0;0;0;0;0;11;900;0,00011986;6;36;0,00000479;0;0;0;1;1;0,00000013;0;0;0;0;0;0;0;0;0;1;9;0,0000012;0;0;0;0;0;0;0;0;0;0;0;0;0;0;0;0;0;0;0;0;0;0;0;0;0;0;0;0;0;0;1;1;0,00000013;0;0;0;0;0;0;9;926;0,00012333;10;20;0,00000266;0;0;0;11;379;0,00005048;1;1;0,00000013;5;50;0,00000666
O0983;26/10/2010;44,8188;44,8518;-2,7321;-2,8066;600;field experiment;0;0;0;26;95;0,00000984;6;4;0,00000041;47;464;0,00004807;0;0;0;0;0;0;0;0;0;0;0;0;0;0;0;0;0;0;16;13;0,00000135;0;0;0;0;0;0;0;0;0;1;8;0,00000083;63;204;0,00002114;0;0;0;0;0;0;0;0;0;0;0;0;0;0;0;0;0;0;0;0;0;0;0;0;0;0;0;0;0;0;0;0;0;0;0;0;0;0;0;0;0;0;0;0;0;0;0;0;0;0;0;0;0;0;0;0;0;0;0;0;0;0;0;0;0;0;0;0;0;86;418;0,00004331;0;0;0;0;0;0;0;0;0;0;0;0;0;0;0;1;7;0,00000073;0;0;0;0;0;0;0;0;0;0;0;0;0;0;0;0;0;0;0;0;0;3;1;0,0000001;0;0;0;0;0;0;0;0;0;0;0;0;0;0;0;0;0;0;3;11;0,00000114;0;0;0;0;0;0;0;0;0;0;0;0;0;0;0;0;0;0;0;0;0;8;54;0,00000559;0;0;0;0;0;0;0;0;0;0;0;0;0;0;0;0;0;0;0;0;0;0;0;0;0;0;0;0;0;0;0;0;0;0;0;0;0;0;0;0;0;0;0;0;0;0;0;0;0;0;0;0;0;0;2;21;0,00000218;4;215;0,00002227;0;0;0;0;0;0;7;127;0,00001316;0;0;0;47;337;0,00003491
O0995;29/10/2010;45,9366;45,9474;-3,9509;-4,0329;800;field experiment;0;0;0;24;124;0,00001379;0;0;0;3;15;0,00000167;0;0;0;0;0;0;0;0;0;0;0;0;0;0;0;0;0;0;63;53;0,00000589;0;0;0;0;0;0;0;0;0;0;0;0;8;22;0,00000245;0;0;0;27;18;0,000002;0;0;0;1;1;0,00000011;0;0;0;0;0;0;0;0;0;0;0;0;0;0;0;0;0;0;0;0;0;0;0;0;0;0;0;0;0;0;0;0;0;0;0;0;0;0;0;0;0;0;0;0;0;0;0;0;0;0;0;0;0;0;0;0;0;105;805;0,00008952;0;0;0;0;0;0;0;0;0;0;0;0;0;0;0;0;0;0;0;0;0;0;0;0;0;0;0;0;0;0;0;0;0;0;0;0;0;0;0;6;3;0,00000033;0;0;0;0;0;0;23;23;0,00000256;0;0;0;0;0;0;3;1;0,00000011;0;0;0;0;0;0;0;0;0;0;0;0;0;0;0;0;0;0;0;0;0;0;0;0;13;70;0,00000778;0;0;0;0;0;0;0;0;0;0;0;0;0;0;0;0;0;0;0;0;0;0;0;0;0;0;0;0;0;0;0;0;0;0;0;0;0;0;0;0;0;0;0;0;0;0;0;0;0;0;0;0;0;0;1;3;0,00000033;1;14;0,00000156;0;0;0;0;0;0;5;93;0,00001034;0;0;0;64;619;0,00006884
P1048;20/10/2011;45,9334;45,9135;-4,2679;-4,3166;1000;field experiment;0;0;0;69;251,6;0,00004133;0;0;0;7;48;0,00000789;0;0;0;0;0;0;0;0;0;0;0;0;0;0;0;0;0;0;54;52;0,00000854;0;0;0;0;0;0;0;0;0;2;8;0,00000131;21;64;0,00001051;1;51,1;0,00000839;52;42,8;0,00000703;0;0;0;1;13,3;0,00000218;0;0;0;0;0;0;1;6;0,00000099;0;0;0;0;0;0;0;0;0;0;0;0;0;0;0;0;0;0;0;0;0;0;0;0;0;0;0;0;0;0;3;15;0,00000246;0;0;0;0;0;0;0;0;0;1;1;0,00000016;0;0;0;138;1087;0,00017857;0;0;0;0;0;0;0;0;0;0;0;0;0;0;0;14;146;0,00002398;0;0;0;0;0;0;0;0;0;0;0;0;3;15;0,00000246;0;0;0;0;0;0;3;1;0,00000016;0;0;0;0;0;0;0;0;0;1;27;0,00000444;0;0;0;0;0;0;88;394,5;0,00006481;0;0;0;4;29,3;0,00000481;1;5;0,00000082;0;0;0;0;0;0;0;0;0;2;26;0,00000427;49;358;0,00005881;0;0;0;0;0;0;0;0;0;4;2;0,00000033;0;0;0;0;0;0;0;0;0;0;0;0;0;0;0;0;0;0;0;0;0;0;0;0;0;0;0;0;0;0;0;0;0;5;17,5;0,00000287;0;0;0;0;0;0;1;18,5;0,00000304;13;334;0,00005487;0;0;0;0;0;0;15;422;0,00006933;3;18;0,00000296;0;0;0
P1053;21/10/2011;45,629;45,5779;-3,8989;-3,9134;1500;field experiment;0;0;0;38;164;0,00002032;1;0,4;0,00000005;9;260;0,00003221;0;0;0;0;0;0;0;0;0;0;0;0;0;0;0;7;230;0,00002849;822;740;0,00009167;0;0;0;0;0;0;0;0;0;5;238;0,00002948;34;121;0,00001499;0;0;0;147;53;0,00000657;0;0;0;0;0;0;1;2,8;0,00000035;0;0;0;0;0;0;0;0;0;1;25;0,0000031;1;;        ;0;0;0;0;0;0;2;16;0,00000198;1;5;0,00000062;0;0;0;0;0;0;1;15;0,00000186;2;2;0,00000025;0;0;0;0;0;0;0;0;0;0;0;0;1;8;0,00000099;81;881;0,00010914;0;0;0;1;21;0,0000026;0;0;0;0;0;0;0;0;0;7;61,8;0,00000766;0;0;0;1;1;0,00000012;0;0;0;1;8;0,00000099;0;0;0;0;0;0;0;0;0;4;2;0,00000025;0;0;0;1;38;0,00000471;5;5;0,00000062;0;0;0;0;0;0;16;3;0,00000037;22;91,1;0,00001129;0;0;0;26;279;0,00003456;1;7;0,00000087;0;0;0;1;;        ;0;0;0;76;1317;0,00016315;19;217;0,00002688;0;0;0;0;0;0;2;;        ;4;11;0,00000136;0;0;0;1;1;0,00000012;0;0;0;0;0;0;0;0;0;0;0;0;0;0;0;0;0;0;1;1;0,00000012;0;0;0;1;;        ;0;0;0;0;0;0;0;0;0;0;0;0;9;260;0,00003221;2;2;0,00000025;0;0;0;15;302;0,00003741;3;9;0,00000111;20;237;0,00002936
P1062;23/10/2011;44,5523;44,5015;-2,4022;-2,4438;1000;field experiment;0;0;0;67;204;0,00002238;1;1;0,00000011;10;72;0,0000079;0;0;0;0;0;0;0;0;0;0;0;0;0;0;0;0;0;0;277;240,5;0,00002639;0;0;0;0;0;0;0;0;0;1;2;0,00000022;14;55;0,00000603;0;0;0;58;23,4;0,00000257;0;0;0;0;0;0;0;0;0;0;0;0;0;0;0;0;0;0;0;0;0;0;0;0;0;0;0;0;0;0;0;0;0;0;0;0;0;0;0;0;0;0;0;0;0;0;0;0;0;0;0;0;0;0;0;0;0;0;0;0;0;0;0;66;474;0,000052;0;0;0;0;0;0;0;0;0;0;0;0;0;0;0;3;27;0,00000296;0;0;0;3;11;0,00000121;0;0;0;0;0;0;0;0;0;0;0;0;0;0;0;22;2;0,00000022;0;0;0;0;0;0;6;6;0,00000066;0;0;0;0;0;0;24;20;0,00000219;98;450;0,00004937;0;0;0;1;6;0,00000066;3;22,5;0,00000247;0;0;0;0;0;0;0;0;0;0;0;0;33;226;0,00002479;0;0;0;0;0;0;0;0;0;3;4;0,00000044;0;0;0;0;0;0;12;9;0,00000099;0;0;0;0;0;0;0;0;0;0;0;0;0;0;0;0;0;0;0;0;0;0;0;0;0;0;0;0;0;0;0;0;0;6;146;0,00001602;11;215;0,00002359;2;4;0,00000044;0;0;0;23;458;0,00005025;0;0;0;21;189;0,00002074
P1067;24/10/2011;44,643;44,6815;-3,0686;-3,1263;1300;field experiment;0;0;0;48;200;0,00002311;2;3;0,00000035;2;14;0,00000162;0;0;0;0;0;0;0;0;0;0;0;0;0;0;0;0;0;0;552;596,1;0,00006887;0;0;0;0;0;0;0;0;0;0;0;0;36;111,2;0,00001285;3;280;0,00003235;56;28;0,00000323;0;0;0;0;0;0;0;0;0;0;0;0;1;3;0,00000035;0;0;0;0;0;0;0;0;0;0;0;0;0;0;0;3;24;0,00000277;0;0;0;0;0;0;0;0;0;0;0;0;1;6;0,00000069;0;0;0;0;0;0;0;0;0;0;0;0;0;0;0;136;1015;0,00011727;0;0;0;1;20;0,00000231;0;0;0;0;0;0;0;0;0;1;9;0,00000104;0;0;0;8;9;0,00000104;0;0;0;0;0;0;1;21;0,00000243;1;1000;0,00011553;0;0;0;8;3;0,00000035;0;0;0;0;0;0;1;1;0,00000012;0;0;0;0;0;0;0;0;0;67;279;0,00003223;0;0;0;10;74;0,00000855;1;7;0,00000081;0;0;0;0;0;0;0;0;0;37;300;0,00003466;50;214;0,00002472;1;1;0,00000012;0;0;0;0;0;0;3;11;0,00000127;0;0;0;0;0;0;4;2;0,00000023;0;0;0;0;0;0;0;0;0;0;0;0;0;0;0;0;0;0;0;0;0;0;0;0;1;5;0,00000058;1;1;0,00000012;0;0;0;0;0;0;7;208;0,00002403;0;0;0;0;0;0;29;609;0,00007036;1;3;0,00000035;52;485;0,00005603
P1072;25/10/2011;43,6705;43,6878;-2,5335;-2,4571;1300;field experiment;0;0;0;37;142;0,00001583;2;2;0,00000022;7;65,3;0,00000728;0;0;0;0;0;0;1;7;0,00000078;0;0;0;0;0;0;0;0;0;1106;1032;0,00011503;0;0;0;0;0;0;2;26;0,0000029;1;102;0,00001137;8;34;0,00000379;4;231;0,00002575;78;36,5;0,00000407;0;0;0;0;0;0;0;0;0;0;0;0;0;0;0;0;0;0;0;0;0;0;0;0;0;0;0;0;0;0;0;0;0;0;0;0;0;0;0;0;0;0;0;0;0;0;0;0;0;0;0;0;0;0;0;0;0;1;1;0,00000011;0;0;0;163;1838;0,00020487;0;0;0;4;84;0,00000936;0;0;0;0;0;0;0;0;0;0;0;0;0;0;0;0;0;0;0;0;0;1;8;0,00000089;0;0;0;4;96;0,0000107;0;0;0;28;10;0,00000111;0;0;0;0;0;0;5;12;0,00000134;0;0;0;0;0;0;0;0;0;14;50;0,00000557;0;0;0;38;393;0,00004381;0;0;0;0;0;0;0;0;0;0;0;0;55;433;0,00004826;24;175,3;0,00001954;0;0;0;0;0;0;0;0;0;4;4;0,00000045;0;0;0;1;2;0,00000022;5;5;0,00000056;0;0;0;1;;        ;0;0;0;0;0;0;0;0;0;0;0;0;0;0;0;1;;        ;0;0;0;0;0;0;0;0;0;3;85;0,00000947;29;1457;0,0001624;2;2;0,00000022;0;0;0;19;445;0,0000496;0;0;0;37;355;0,00003957
U0508;19/10/2016;45,8493;45,8152;-3,8275;-3,8796;551,44;field experiment;0;0;0;12;77;0,00000998;1;1;0,00000013;1;3;0,00000039;0;0;0;0;0;0;0;0;0;0;0;0;0;0;0;0;0;0;5;4;0,00000052;0;0;0;0;0;0;0;0;0;0;0;0;1;3;0,00000039;0;0;0;0;0;0;0;0;0;0;0;0;0;0;0;0;0;0;0;0;0;0;0;0;0;0;0;0;0;0;0;0;0;0;0;0;0;0;0;0;0;0;0;0;0;0;0;0;0;0;0;0;0;0;0;0;0;0;0;0;0;0;0;0;0;0;0;0;0;15;73;0,00000946;0;0;0;0;0;0;0;0;0;0;0;0;0;0;0;0;0;0;0;0;0;0;0;0;0;0;0;0;0;0;0;0;0;0;0;0;0;0;0;120;38;0,00000492;0;0;0;0;0;0;0;0;0;0;0;0;0;0;0;0;0;0;7;32;0,00000415;0;0;0;0;0;0;0;0;0;0;0;0;0;0;0;0;0;0;0;0;0;34;128;0,00001659;0;0;0;0;0;0;0;0;0;0;0;0;0;0;0;0;0;0;0;0;0;0;0;0;0;0;0;0;0;0;0;0;0;0;0;0;0;0;0;0;0;0;0;0;0;0;0;0;0;0;0;0;0;0;0;0;0;0;0;0;0;0;0;0;0;0;3;66;0,00000855;0;0;0;94;734;0,00009511
U0514;20/10/2016;45,6199;45,5765;-3,6958;-3,7498;735,78;field experiment;0;0;0;25;221;0,00002625;2;2;0,00000024;2;7;0,00000083;0;0;0;0;0;0;0;0;0;0;0;0;0;0;0;0;0;0;72;50;0,00000594;0;0;0;0;0;0;0;0;0;0;0;0;3;19;0,00000226;0;0;0;367;254;0,00003017;0;0;0;1;13;0,00000154;0;0;0;0;0;0;1;6;0,00000071;0;0;0;0;0;0;0;0;0;0;0;0;0;0;0;0;0;0;0;0;0;0;0;0;0;0;0;0;0;0;0;0;0;0;0;0;0;0;0;0;0;0;0;0;0;0;0;0;97;744;0,00008836;0;0;0;0;0;0;0;0;0;0;0;0;0;0;0;3;26;0,00000309;0;0;0;0;0;0;0;0;0;0;0;0;0;0;0;0;0;0;0;0;0;2668;907;0,00010772;0;0;0;0;0;0;6;4;0,00000048;0;0;0;0;0;0;0;0;0;9;18;0,00000214;0;0;0;4;44;0,00000523;0;0;0;0;0;0;0;0;0;1;47;0,00000558;0;0;0;172;703;0,00008349;0;0;0;0;0;0;0;0;0;0;0;0;0;0;0;0;0;0;0;0;0;0;0;0;0;0;0;0;0;0;0;0;0;0;0;0;0;0;0;0;0;0;0;0;0;1;11;0,00000131;0;0;0;0;0;0;3;57;0,00000677;4;91;0,00001081;0;0;0;0;0;0;6;222;0,00002637;0;0;0;72;965;0,00011461
U0519;21/10/2016;45,16;45,1489;-3,4236;-3,505;861,12;field experiment;0;0;0;72;314;0,00003466;2;1;0,00000011;11;150;0,00001656;0;0;0;0;0;0;0;0;0;0;0;0;0;0;0;0;0;0;91;78;0,00000861;0;0;0;0;0;0;0;0;0;0;0;0;12;62;0,00000684;0;0;0;138;52;0,00000574;0;0;0;2;47;0,00000519;0;0;0;0;0;0;0;0;0;0;0;0;0;0;0;0;0;0;0;0;0;0;0;0;0;0;0;1;10;0,0000011;0;0;0;0;0;0;0;0;0;0;0;0;1;16;0,00000177;0;0;0;0;0;0;0;0;0;0;0;0;72;619;0,00006833;0;0;0;0;0;0;0;0;0;0;0;0;0;0;0;0;0;0;0;0;0;0;0;0;0;0;0;0;0;0;0;0;0;1;8;0,00000088;0;0;0;10;3;0,00000033;0;0;0;0;0;0;4;1;0,00000011;1;39;0,00000431;0;0;0;0;0;0;31;101;0,00001115;0;0;0;11;124;0,00001369;0;0;0;0;0;0;0;0;0;0;0;0;0;0;0;32;107;0,00001181;0;0;0;0;0;0;0;0;0;0;0;0;0;0;0;0;0;0;7;10;0,0000011;0;0;0;0;0;0;0;0;0;0;0;0;1;85;0,00000938;0;0;0;0;0;0;0;0;0;0;0;0;0;0;0;0;0;0;2;44;0,00000486;4;212;0,0000234;0;0;0;0;0;0;5;222;0,00002451;1;3;0,00000033;44;362;0,00003996
U0524;22/10/2016;44,7327;44,7328;-2,2924;-2,365;833,4;field experiment;0;0;0;61;242;0,00003028;0;0;0;3;36;0,0000045;0;0;0;0;0;0;0;0;0;0;0;0;0;0;0;0;0;0;93;77;0,00000964;0;0;0;0;0;0;0;0;0;0;0;0;5;25;0,00000313;0;0;0;58;35;0,00000438;0;0;0;1;13;0,00000163;0;0;0;0;0;0;0;0;0;0;0;0;0;0;0;0;0;0;0;0;0;0;0;0;0;0;0;0;0;0;0;0;0;1;93;0,00001164;0;0;0;0;0;0;0;0;0;0;0;0;0;0;0;0;0;0;0;0;0;73;655;0,00008196;0;0;0;0;0;0;0;0;0;0;0;0;0;0;0;0;0;0;0;0;0;0;0;0;0;0;0;0;0;0;0;0;0;0;0;0;0;0;0;170;38;0,00000476;0;0;0;0;0;0;7;7;0,00000088;0;0;0;0;0;0;0;0;0;19;49;0,00000613;0;0;0;1;14;0,00000175;0;0;0;0;0;0;0;0;0;0;0;0;0;0;0;27;67;0,00000838;0;0;0;0;0;0;0;0;0;0;0;0;0;0;0;0;0;0;0;0;0;0;0;0;0;0;0;0;0;0;0;0;0;0;0;0;0;0;0;0;0;0;0;0;0;0;0;0;0;0;0;0;0;0;3;50;0,00000626;3;48;0,00000601;0;0;0;0;0;0;6;206;0,00002578;0;0;0;61;441;0,00005518
U0530;23/10/2016;43,6477;43,6504;-2,116;-2,1907;734,59;field experiment;0;0;0;61;273;0,00003256;2;2;0,00000024;1;8;0,00000095;0;0;0;0;0;0;0;0;0;0;0;0;0;0;0;0;0;0;364;326;0,00003888;0;0;0;0;0;0;8;130;0,0000155;0;0;0;1;6;0,00000072;0;0;0;302;164;0,00001956;0;0;0;0;0;0;0;0;0;0;0;0;1;1;0,00000012;0;0;0;0;0;0;0;0;0;0;0;0;0;0;0;0;0;0;0;0;0;0;0;0;1;89;0,00001061;0;0;0;0;0;0;1;16;0,00000191;0;0;0;0;0;0;0;0;0;0;0;0;117;788;0,00009397;0;0;0;0;0;0;0;0;0;0;0;0;0;0;0;0;0;0;0;0;0;0;0;0;0;0;0;0;0;0;0;0;0;0;0;0;0;0;0;272;59;0,00000704;0;0;0;0;0;0;51;30;0,00000358;0;0;0;0;0;0;0;0;0;16;52;0,0000062;0;0;0;3;51;0,00000608;0;0;0;0;0;0;0;0;0;0;0;0;0;0;0;8;22;0,00000262;0;0;0;0;0;0;0;0;0;0;0;0;0;0;0;0;0;0;7;12;0,00000143;0;0;0;0;0;0;0;0;0;0;0;0;0;0;0;0;0;0;0;0;0;0;0;0;1;24;0,00000286;0;0;0;0;0;0;10;240;0,00002862;3;93;0,00001109;0;0;0;0;0;0;7;236;0,00002814;0;0;0;90;811;0,00009672
U0536;24/10/2016;44,5068;44,5613;-2,1863;-2,2202;592,82;field experiment;0;0;0;71;424;0,0000459;1;1;0,00000011;4;57;0,00000617;0;0;0;0;0;0;0;0;0;0;0;0;0;0;0;0;0;0;31;19;0,00000206;0;0;0;0;0;0;0;0;0;0;0;0;7;35;0,00000379;0;0;0;119;23;0,00000249;0;0;0;0;0;0;0;0;0;0;0;0;0;0;0;0;0;0;0;0;0;0;0;0;0;0;0;0;0;0;0;0;0;0;0;0;0;0;0;0;0;0;0;0;0;0;0;0;0;0;0;0;0;0;0;0;0;0;0;0;0;0;0;36;181;0,00001959;0;0;0;0;0;0;0;0;0;0;0;0;2;9;0,00000097;0;0;0;0;0;0;0;0;0;0;0;0;0;0;0;0;0;0;0;0;0;0;0;0;77;23;0,00000249;0;0;0;0;0;0;0;0;0;0;0;0;0;0;0;0;0;0;14;78;0,00000844;0;0;0;0;0;0;0;0;0;0;0;0;0;0;0;0;0;0;0;0;0;16;83;0,00000899;0;0;0;0;0;0;0;0;0;0;0;0;0;0;0;0;0;0;0;0;0;0;0;0;0;0;0;0;0;0;0;0;0;0;0;0;0;0;0;0;0;0;0;0;0;0;0;0;0;0;0;0;0;0;0;0;0;1;9;0,00000097;0;0;0;0;0;0;3;45;0,00000487;0;0;0;101;958;0,00010371
U0541;25/10/2016;44,7341;44,7328;-2,2573;-2,3118;808,65;field experiment;0;0;0;53;179;0,00002982;3;1;0,00000017;9;78;0,000013;0;0;0;0;0;0;0;0;0;0;0;0;0;0;0;0;0;0;67;51;0,0000085;0;0;0;0;0;0;0;0;0;1;2;0,00000033;3;15;0,0000025;0;0;0;451;241;0,00004015;0;0;0;0;0;0;0;0;0;0;0;0;0;0;0;0;0;0;0;0;0;0;0;0;0;0;0;0;0;0;0;0;0;0;0;0;0;0;0;0;0;0;0;0;0;0;0;0;0;0;0;0;0;0;0;0;0;0;0;0;0;0;0;94;850;0,00014161;0;0;0;0;0;0;0;0;0;0;0;0;0;0;0;0;0;0;0;0;0;0;0;0;0;0;0;0;0;0;0;0;0;0;0;0;0;0;0;3898;1290;0,00021492;0;0;0;0;0;0;20;16;0,00000267;1;42;0,000007;0;0;0;0;0;0;75;206;0,00003432;0;0;0;3;40;0,00000666;0;0;0;0;0;0;0;0;0;0;0;0;0;0;0;22;120;0,00001999;0;0;0;0;0;0;0;0;0;0;0;0;0;0;0;0;0;0;4;5;0,00000083;0;0;0;0;0;0;1;47;0,00000783;0;0;0;0;0;0;0;0;0;0;0;0;0;0;0;1;6;0,000001;0;0;0;0;0;0;5;108;0,00001799;0;0;0;0;0;0;0;0;0;10;325;0,00005415;0;0;0;48;417;0,00006947
V0494;29/10/2017;45,1321;45,1033;-3,4695;-3,5431;746,17;field experiment;0;0;0;14;158;0,00001717;1;1,5;0,00000016;10;102,5;0,00001114;0;0;0;0;0;0;0;0;0;0;0;0;0;0;0;0;0;0;3;3;0,00000033;0;0;0;0;0;0;1;15;0,00000163;1;7;0,00000076;7;35;0,0000038;3;143,5;0,00001559;22;238;0,00002586;1;48;0,00000522;1;15;0,00000163;0;0;0;0;0;0;0;0;0;0;0;0;1;25;0,00000272;0;0;0;0;0;0;0;0;0;0;0;0;4;360;0,00003912;0;0;0;1;46;0,000005;0;0;0;8;14;0,00000152;0;0;0;2;150;0,0000163;0;0;0;0;0;0;0;0;0;94;920;0,00009997;0;0;0;0;0;0;0;0;0;0;0;0;0;0;0;5;46;0,000005;0;0;0;0;0;0;0;0;0;0;0;0;5;128;0,00001391;0;0;0;0;0;0;1;1;0,00000011;0;0;0;0;0;0;1;1;0,00000011;1;54;0,00000587;0;0;0;0;0;0;18;80;0,00000869;0;0;0;13;134;0,00001456;2;23;0,0000025;0;0;0;0;0;0;0;0;0;0;0;0;20;175;0,00001902;0;0;0;0;0;0;0;0;0;0;0;0;0;0;0;0;0;0;0;0;0;0;0;0;0;0;0;1;0;0;0;0;0;0;0;0;0;0;0;0;0;0;0;0;0;0;0;0;0;0;0;1;10;0,00000109;8;140;0,00001521;15;640;0,00006955;0;0;0;0;0;0;6;314;0,00003412;0;0;0;54;780;0,00008476
W0534;21/10/2018;46,2636;46,2141;-4,4126;-4,4293;750;field experiment;0;0;0;32;446;0,00005663;0;0;0;13;72;0,00000914;0;0;0;0;0;0;0;0;0;0;0;0;0;0;0;0;0;0;18;14;0,00000178;0;0;0;0;0;0;0;0;0;0;0;0;7;25;0,00000317;0;0;0;16;12;0,00000152;0;0;0;0;0;0;0;0;0;0;0;0;0;0;0;0;0;0;0;0;0;0;0;0;0;0;0;0;0;0;0;0;0;0;0;0;0;0;0;0;0;0;0;0;0;0;0;0;0;0;0;0;0;0;0;0;0;0;0;0;0;0;0;57;730;0,00009269;0;0;0;0;0;0;0;0;0;0;0;0;15;92;0,00001168;0;0;0;0;0;0;0;0;0;0;0;0;0;0;0;0;0;0;5;44;0,00000559;0;0;0;8;3;0,00000038;0;0;0;0;0;0;5;7;0,00000089;0;0;0;0;0;0;0;0;0;16;71;0,00000901;0;0;0;0;0;0;0;0;0;0;0;0;0;0;0;0;0;0;0;0;0;21;136;0,00001727;0;0;0;0;0;0;0;0;0;7;11;0,0000014;0;0;0;0;0;0;0;0;0;0;0;0;0;0;0;0;0;0;0;0;0;0;0;0;0;0;0;0;0;0;0;0;0;3;6;0,00000076;0;0;0;0;0;0;3;23;0,00000292;1;61;0,00000775;0;0;0;0;0;0;4;205;0,00002603;0;0;0;58;582;0,0000739
W0545;23/10/2018;45,1745;45,131;-3,3864;-3,4474;846,66;field experiment;0;0;0;25;207;0,00002184;0;0;0;8;57;0,00000601;0;0;0;0;0;0;0;0;0;0;0;0;0;0;0;0;0;0;6;6;0,00000063;1;167;0,00001762;0;0;0;0;0;0;1;31;0,00000327;12;47;0,00000496;0;0;0;32;28;0,00000295;0;0;0;0;0;0;0;0;0;0;0;0;0;0;0;0;0;0;0;0;0;0;0;0;0;0;0;0;0;0;0;0;0;0;0;0;0;0;0;0;0;0;0;0;0;0;0;0;0;0;0;0;0;0;0;0;0;0;0;0;0;0;0;48;472;0,00004979;0;0;0;0;0;0;0;0;0;0;0;0;1;5;0,00000053;0;0;0;0;0;0;0;0;0;1;83;0,00000876;0;0;0;0;0;0;0;0;0;0;0;0;0;0;0;0;0;0;0;0;0;7;7;0,00000074;0;0;0;0;0;0;0;0;0;20;99;0,00001044;0;0;0;3;27;0,00000285;0;0;0;0;0;0;0;0;0;0;0;0;0;0;0;3;13;0,00000137;0;0;0;0;0;0;0;0;0;7;6;0,00000063;0;0;0;0;0;0;0;0;0;0;0;0;0;0;0;0;0;0;0;0;0;0;0;0;0;0;0;0;0;0;0;0;0;2;6;0,00000063;0;0;0;0;0;0;3;40;0,00000422;0;0;0;0;0;0;0;0;0;0;0;0;0;0;0;45;565;0,0000596
W0551;24/10/2018;44,805;44,7907;-2,7706;-2,8462;2000;field experiment;0;0;0;13;75;0,00000872;3;2;0,00000023;21;194;0,00002255;0;0;0;0;0;0;0;0;0;0;0;0;3;65;0,00000756;77;1168;0,00013577;48;41;0,00000477;0;0;0;0;0;0;0;0;0;1;5;0,00000058;5;23;0,00000267;0;0;0;22;16;0,00000186;0;0;0;0;0;0;0;0;0;0;0;0;0;0;0;0;0;0;0;0;0;0;0;0;0;0;0;0;0;0;3;242;0,00002813;0;0;0;0;0;0;0;0;0;0;0;0;0;0;0;0;0;0;0;0;0;0;0;0;0;0;0;0;0;0;40;495;0,00005754;0;0;0;37;787;0,00009148;0;0;0;0;0;0;0;0;0;0;0;0;0;0;0;0;0;0;0;0;0;0;0;0;0;0;0;0;0;0;6;671;0,000078;13;1;0,00000012;0;0;0;0;0;0;0;0;0;1;65;0,00000756;0;0;0;0;0;0;9;40;0,00000465;0;0;0;3;36;0,00000418;0;0;0;0;0;0;0;0;0;0;0;0;24;428;0,00004975;10;70;0,00000814;0;0;0;0;0;0;0;0;0;0;0;0;0;0;0;0;0;0;0;0;0;0;0;0;0;0;0;0;0;0;0;0;0;0;0;0;0;0;0;0;0;0;0;0;0;0;0;0;0;0;0;0;0;0;1;26;0,00000302;3;125;0,00001453;22;155;0,00001802;0;0;0;4;207;0,00002406;0;0;0;8;84;0,00000976
W0562;26/10/2018;43,6455;43,6607;-2,1768;-2,2635;685,17;field experiment;0;0;0;13;157;0,0000157;2;2;0,0000002;1;2;0,0000002;1;43;0,0000043;1;54;0,0000054;0;0;0;0;0;0;0;0;0;0;0;0;51;39;0,0000039;0;0;0;0;0;0;0;0;0;0;0;0;0;0;0;0;0;0;37;27;0,0000027;0;0;0;0;0;0;0;0;0;0;0;0;0;0;0;0;0;0;0;0;0;0;0;0;0;0;0;0;0;0;0;0;0;1;12;0,0000012;0;0;0;0;0;0;0;0;0;0;0;0;0;0;0;0;0;0;0;0;0;0;0;0;0;0;0;86;888;0,00008879;0;0;0;0;0;0;1;200;0,00002;0;0;0;0;0;0;0;0;0;0;0;0;0;0;0;0;0;0;0;0;0;0;0;0;1;9;0,0000009;0;0;0;3;2;0,0000002;0;0;0;0;0;0;7;6;0,0000006;0;0;0;0;0;0;0;0;0;4;10;0,000001;1;6;0,0000006;0;0;0;0;0;0;0;0;0;0;0;0;0;0;0;0;0;0;10;21;0,0000021;0;0;0;0;0;0;0;0;0;0;0;0;0;0;0;0;0;0;0;0;0;0;0;0;0;0;0;1;39;0,0000039;0;0;0;0;0;0;0;0;0;0;0;0;0;0;0;0;0;0;0;0;0;0;0;0;11;260;0,000026;3;121;0,0000121;0;0;0;0;0;0;1;54;0,0000054;0;0;0;55;566;0,00005659
W0568;27/10/2018;44,3321;44,3486;-2,3215;-2,4118;513,24;field experiment;0;0;0;31;215;0,00002082;13;10;0,00000097;27;265;0,00002566;0;0;0;0;0;0;0;0;0;0;0;0;0;0;0;0;0;0;7;7;0,00000068;0;0;0;0;0;0;0;0;0;0;0;0;10;44;0,00000426;1;27;0,00000261;0;0;0;0;0;0;0;0;0;0;0;0;0;0;0;0;0;0;0;0;0;0;0;0;0;0;0;0;0;0;0;0;0;0;0;0;0;0;0;0;0;0;0;0;0;0;0;0;0;0;0;1;17;0,00000165;0;0;0;0;0;0;0;0;0;0;0;0;127;717;0,00006942;0;0;0;0;0;0;0;0;0;0;0;0;0;0;0;0;0;0;0;0;0;0;0;0;0;0;0;1;78;0,00000755;0;0;0;0;0;0;0;0;0;2;1;0,0000001;0;0;0;0;0;0;0;0;0;0;0;0;0;0;0;0;0;0;11;68;0,00000658;0;0;0;0;0;0;0;0;0;0;0;0;0;0;0;1;57;0,00000552;0;0;0;27;183;0,00001772;0;0;0;0;0;0;0;0;0;0;0;0;0;0;0;0;0;0;0;0;0;0;0;0;0;0;0;0;0;0;0;0;0;0;0;0;0;0;0;0;0;0;0;0;0;2;32;0,0000031;0;0;0;0;0;0;0;0;0;2;155;0,00001501;0;0;0;0;0;0;6;324;0,00003137;0;0;0;94;764;0,00007397
X0447;23/10/2019;46,2446;46,1793;-4,4601;-4,4579;683,1;field experiment;0;0;0;6;49;0,00000485;0;0;0;32;176;0,00001742;0;0;0;0;0;0;0;0;0;0;0;0;0;0;0;0;0;0;6;2;0,0000002;0;0;0;0;0;0;0;0;0;1;4;0,0000004;10;46;0,00000455;0;0;0;15;5;0,00000049;0;0;0;1;12;0,00000119;0;0;0;0;0;0;0;0;0;0;0;0;0;0;0;0;0;0;0;0;0;0;0;0;0;0;0;0;0;0;0;0;0;0;0;0;0;0;0;5;17;0,00000168;0;0;0;0;0;0;0;0;0;0;0;0;0;0;0;44;453;0,00004483;0;0;0;0;0;0;0;0;0;0;0;0;0;0;0;0;0;0;0;0;0;1;2;0,0000002;0;0;0;0;0;0;0;0;0;0;0;0;0;0;0;4;1;0,0000001;0;0;0;0;0;0;3;1;0,0000001;2;98;0,0000097;0;0;0;0;0;0;8;33;0,00000327;0;0;0;0;0;0;0;0;0;0;0;0;0;0;0;0;0;0;0;0;0;35;89;0,00000881;0;0;0;0;0;0;0;0;0;0;0;0;0;0;0;0;0;0;0;0;0;0;0;0;0;0;0;0;0;0;0;0;0;0;0;0;0;0;0;0;0;0;0;0;0;0;0;0;0;0;0;0;0;0;0;0;0;1;10;0,00000099;0;0;0;0;0;0;6;210;0,00002078;0;0;0;47;589;0,00005828
X0453;24/10/2019;45,8346;45,7998;-3,8477;-3,9131;669,92;field experiment;0;0;0;3;26;0,00000293;0;0;0;18;87;0,00000981;0;0;0;0;0;0;0;0;0;0;0;0;0;0;0;0;0;0;15;8;0,0000009;0;0;0;0;0;0;0;0;0;2;7;0,00000079;0;0;0;0;0;0;54;35;0,00000395;0;0;0;0;0;0;0;0;0;0;0;0;0;0;0;0;0;0;0;0;0;0;0;0;0;0;0;0;0;0;0;0;0;0;0;0;0;0;0;0;0;0;0;0;0;6;6;0,00000068;0;0;0;0;0;0;0;0;0;0;0;0;0;0;0;63;729;0,0000822;0;0;0;0;0;0;0;0;0;0;0;0;0;0;0;0;0;0;0;0;0;1;2;0,00000023;0;0;0;0;0;0;0;0;0;0;0;0;0;0;0;8;2;0,00000023;0;0;0;0;0;0;14;24;0,00000271;0;0;0;0;0;0;0;0;0;4;13;0,00000147;0;0;0;0;0;0;0;0;0;1;5;0,00000056;0;0;0;0;0;0;0;0;0;9;10;0,00000113;0;0;0;0;0;0;0;0;0;1;1;0,00000011;0;0;0;0;0;0;0;0;0;0;0;0;0;0;0;0;0;0;1;60;0,00000677;0;0;0;0;0;0;0;0;0;0;0;0;0;0;0;0;0;0;0;0;0;2;30;0,00000338;3;14;0,00000158;0;0;0;0;0;0;3;87;0,00000981;0;0;0;137;1057;0,00011919
X0458;25/10/2019;45,1768;45,1427;-3,3584;-3,4266;756,46;field experiment;0;0;0;11;98;0,00001076;0;0;0;8;90;0,00000988;0;0;0;0;0;0;0;0;0;0;0;0;0;0;0;0;0;0;36;25;0,00000274;0;0;0;0;0;0;0;0;0;0;0;0;3;13;0,00000143;1;32;0,00000351;27;24;0,00000263;0;0;0;0;0;0;0;0;0;0;0;0;0;0;0;0;0;0;0;0;0;0;0;0;0;0;0;0;0;0;0;0;0;0;0;0;0;0;0;0;0;0;0;0;0;4;5;0,00000055;0;0;0;0;0;0;0;0;0;0;0;0;0;0;0;40;402;0,00004412;0;0;0;0;0;0;0;0;0;0;0;0;0;0;0;0;0;0;0;0;0;0;0;0;0;0;0;0;0;0;1;5;0,00000055;0;0;0;0;0;0;2;1;0,00000011;0;0;0;1;38;0,00000417;2;1;0,00000011;0;0;0;0;0;0;0;0;0;43;192;0,00002107;0;0;0;5;71;0,00000779;0;0;0;0;0;0;0;0;0;0;0;0;0;0;0;17;93;0,00001021;0;0;0;0;0;0;0;0;0;0;0;0;0;0;0;0;0;0;0;0;0;0;0;0;0;0;0;0;0;0;0;0;0;0;0;0;0;0;0;0;0;0;0;0;0;0;0;0;0;0;0;0;0;0;0;0;0;2;60;0,00000658;0;0;0;0;0;0;2;79;0,00000867;0;0;0;28;414;0,00004543
X0464;26/10/2019;44,8893;44,8657;-2,3988;-2,4845;784,58;field experiment;0;0;0;3;17;0,00000169;0;0;0;6;58;0,00000576;0;0;0;0;0;0;0;0;0;0;0;0;0;0;0;0;0;0;37;22;0,00000219;0;0;0;0;0;0;0;0;0;1;4;0,0000004;2;12;0,00000119;0;0;0;36;22;0,00000219;0;0;0;0;0;0;0;0;0;0;0;0;0;0;0;0;0;0;0;0;0;0;0;0;0;0;0;0;0;0;0;0;0;0;0;0;0;0;0;1;51;0,00000507;0;0;0;3;4;0,0000004;0;0;0;0;0;0;0;0;0;0;0;0;0;0;0;46;552;0,00005484;0;0;0;0;0;0;0;0;0;0;0;0;0;0;0;0;0;0;0;0;0;0;0;0;0;0;0;0;0;0;0;0;0;0;0;0;0;0;0;48;11;0,00000109;0;0;0;0;0;0;0;0;0;0;0;0;0;0;0;0;0;0;8;39;0,00000387;0;0;0;4;32;0,00000318;0;0;0;0;0;0;0;0;0;0;0;0;0;0;0;11;37;0,00000368;0;0;0;0;0;0;0;0;0;0;0;0;0;0;0;0;0;0;0;0;0;0;0;0;0;0;0;0;0;0;0;0;0;0;0;0;0;0;0;0;0;0;0;0;0;0;0;0;0;0;0;0;0;0;3;58;0,00000576;1;39;0,00000387;0;0;0;0;0;0;3;30;0,00000298;0;0;0;47;478;0,00004749
X0470;27/10/2019;44,6599;44,6812;-2,1847;-2,2729;786;field experiment;0;0;0;6;35;0,0000034;0;0;0;7;75;0,00000729;0;0;0;0;0;0;0;0;0;0;0;0;0;0;0;0;0;0;37;23;0,00000224;0;0;0;0;0;0;0;0;0;0;0;0;0;0;0;0;0;0;54;41;0,00000399;0;0;0;0;0;0;0;0;0;0;0;0;0;0;0;0;0;0;0;0;0;0;0;0;0;0;0;0;0;0;0;0;0;0;0;0;0;0;0;0;0;0;0;0;0;2;2;0,00000019;0;0;0;0;0;0;0;0;0;0;0;0;0;0;0;36;407;0,00003957;0;0;0;0;0;0;0;0;0;0;0;0;0;0;0;0;0;0;0;0;0;0;0;0;0;0;0;0;0;0;0;0;0;0;0;0;0;0;0;20;6;0,00000058;0;0;0;0;0;0;5;9;0,00000088;0;0;0;0;0;0;0;0;0;42;107;0,0000104;0;0;0;1;13;0,00000126;0;0;0;0;0;0;0;0;0;0;0;0;0;0;0;18;21;0,00000204;0;0;0;0;0;0;0;0;0;0;0;0;0;0;0;0;0;0;0;0;0;0;0;0;0;0;0;0;0;0;0;0;0;0;0;0;0;0;0;0;0;0;0;0;0;0;0;0;0;0;0;0;0;0;0;0;0;0;0;0;0;0;0;0;0;0;7;163;0,00001585;0;0;0;54;542;0,0000527
X0476;28/10/2019;43,7029;43,6343;-2,1974;-2,1887;754,48;field experiment;0;0;0;11;88;0,00000818;0;0;0;2;33;0,00000307;0;0;0;0;0;0;0;0;0;0;0;0;0;0;0;0;0;0;70;51;0,00000474;0;0;0;0;0;0;1;14;0,0000013;0;0;0;1;5;0,00000046;2;21;0,00000195;92;99;0,00000921;0;0;0;0;0;0;0;0;0;0;0;0;0;0;0;0;0;0;0;0;0;0;0;0;0;0;0;0;0;0;0;0;0;0;0;0;0;0;0;0;0;0;0;0;0;0;0;0;0;0;0;0;0;0;0;0;0;0;0;0;0;0;0;44;543;0,00005049;0;0;0;0;0;0;0;0;0;0;0;0;0;0;0;0;0;0;0;0;0;2;8;0,00000074;0;0;0;0;0;0;0;0;0;0;0;0;0;0;0;131;51;0,00000474;0;0;0;0;0;0;14;16;0,00000149;0;0;0;0;0;0;0;0;0;29;58;0,00000539;0;0;0;1;7;0,00000065;0;0;0;0;0;0;0;0;0;0;0;0;0;0;0;15;34;0,00000316;0;0;0;0;0;0;0;0;0;3;3;0,00000028;1;;        ;0;0;0;0;0;0;0;0;0;0;0;0;0;0;0;0;0;0;0;0;0;0;0;0;0;0;0;0;0;0;0;0;0;0;0;0;0;0;0;14;308;0,00002864;6;287;0,00002669;0;0;0;0;0;0;5;141;0,00001311;0;0;0;66;613;0,000057
